{"branches": 66.66666666666666, "coverage": 61.04868913857678}