{"branches": 96.29629629629629, "coverage": 96.81528662420382}