{"branches": 70.37037037037037, "coverage": 63.670411985018724}